,InversePortfolio,getHRP,getCLA
0,-0.06807023645448118,-0.11920942332922413,0.09565606078202138
1,0.4623179572728242,0.21889461287789658,0.5249124923929036
2,0.6025914769328313,0.42665683073828164,0.5812091940857032
3,0.2597205287604287,0.19366920557037304,0.09095536318212694
4,0.7859577221090177,0.713851838528679,0.8458195635728722
5,0.032627577331968194,-0.014033907582074345,0.08761453570246336
6,0.09554606705672652,0.07751398285888289,0.1662940793090062
7,0.05563528519563943,-0.01256824126421452,0.18746216061734522
8,-0.09808645328019383,-0.07417092618443488,-0.05842727947259774
9,0.4772419622276791,0.5354647160318984,0.42773188109127114
10,0.777930946151538,0.44085109824376834,1.0117133891196541
11,-0.20580343972432158,-0.18756410293286552,-0.21109151087150346
12,-0.19228311254666053,-0.17884879473166648,-0.24913655233304788
13,0.26592424630355804,0.22300760623910443,0.08699812819401309
14,0.2233674354878865,0.1651267186697225,0.1152741880687449
15,0.3937213249117868,0.4352561874749039,0.30109620324675856
16,0.4264275904203194,0.29585520443944513,0.28459492434892253
17,0.20565940707211827,0.18744058972894373,0.21308596249347866
18,-0.05273484098725301,-0.016807373673736525,-0.08774692263698369
19,0.23600329695143274,0.34296292124994565,0.3315926847244737
20,0.25638147915601905,0.3573205984354204,0.317327139004266
21,0.016456016737192547,0.05039567088306707,0.21420588679729757
22,0.24924541264208955,0.17865802976188583,0.48396908537210637
23,0.7741398263076744,0.6694362831053797,0.5996529981178824
24,-0.03021298527457794,0.06481689524273859,-0.028854426689848167
25,0.8551528561149802,0.47674446105472823,0.5760308807038437
26,0.19517804994703325,0.10834824861776182,0.3665077922277309
27,0.22069363917481444,0.17956769740583578,0.17727174118785083
28,0.17374719871450717,0.12496563649727666,0.19162784125833232
29,0.8958386859232892,0.9639319145809218,0.9447568727978548
30,-0.1581290557857158,-0.1975592016017229,-0.11747188984811807
31,0.8608085611146883,0.8494550593073593,0.7930645112705295
32,0.8241721965002693,0.5958684805731085,1.0582834057961215
33,0.1305119069518601,0.03925901766980111,-0.15082333513905777
34,-0.027072405978134095,-0.020635275625474625,-0.09708680721149876
35,0.5672713069160751,0.4868901617343433,0.7901566856624531
36,0.10665983035405846,0.05996544291035222,0.11735905726368667
37,0.6412651514614112,0.5840626435748284,0.7567602806542095
38,0.0859037155175193,0.007679818016179452,0.189404183840439
39,0.43779402886229124,0.515580961240873,0.18462713607836156
40,0.4837203126646705,0.34277704157452127,0.6618595527530191
41,0.42336047056678994,0.3365428758707476,0.39313733568413545
42,0.04987161162472731,0.019183630856478562,0.16456105055674852
43,0.28454227716853997,0.31556933462511205,0.2909289978644882
44,0.39249013398353316,0.3319698320613629,0.4051936364611315
45,0.17735004533225918,0.07137190824222794,0.21581139835330454
46,0.8609391030762328,0.6240854672068457,1.281580517170677
47,0.6254269018087566,0.614406226572759,0.5752353507410122
48,0.325035800926317,0.14121042536147965,-0.1015150695190401
49,0.9381757299627926,0.5382529123049107,0.9988552848767556
50,0.10780220802041285,0.03378545187505999,0.042913713279570054
51,0.004662056272502602,-0.02081621400578315,-0.033102331059421286
52,-0.09976820845136702,-0.055553546974980716,-0.19956966607224091
53,0.16311748611250465,0.18974826357537866,0.016907155990123268
54,0.4509658207658549,0.37882028131413836,0.3124015201828221
55,0.07352286773646233,0.11934806663787256,-0.00897572651833456
56,0.46867736125312387,0.42983536360298347,0.44488180499317287
57,0.7831061535566433,0.768672216820842,0.8359533548681819
58,0.04021143694734275,-0.06268850872190146,0.19590402626065329
59,0.46419473316985727,0.19882846461453507,-0.09697020765208797
60,0.27576017621011606,0.34680710310264806,0.3679208197663899
61,0.1833591469760354,0.08036591266841775,0.44529710567640923
62,0.41526305551366427,0.5027760675357376,0.521602718674848
63,0.22425562727583315,0.20543190568365155,0.290970356497638
64,-0.1742529151305401,-0.1495922878486884,-0.2513153289396305
65,0.819752865434421,1.0489186336479746,1.0387434077965771
66,-0.14502638730690753,-0.13661943105242536,-0.1452770529381685
67,0.49743958111355724,0.2964894727455052,0.42047631585886025
68,0.1825336052874449,0.1769265112143188,0.43016217664451606
69,0.18382955027761572,0.08814223756174555,0.038399615158684286
70,0.5808196773996717,0.2743172375611509,0.4882267104470426
71,0.5355400632127765,0.5127705224451764,0.29517393310251805
72,0.11702428826961686,0.18708006490256146,0.2093456702727461
73,0.46349922530522436,0.10517048004142082,0.12923674511233751
74,0.41188167669237474,0.382991231734334,0.7465288384709259
75,-0.11837022497249983,-0.08651003313011851,-0.11994630143288132
76,0.3961259372153283,0.24019688110441728,0.21768492679272633
77,-0.262196017489728,-0.2286842448171228,-0.3317728957674255
78,0.7069531363098429,0.47336660661051155,0.9955489517450715
79,-0.16934274021670437,-0.09653891289207162,-0.1455464805168889
80,0.8406983330778783,0.5256429058618703,0.43765906565571644
81,0.22765492561730638,0.18980431330479108,0.1462660686947681
82,0.7640044079889468,0.5357353526036042,0.4360307308958167
83,0.22777809434634588,0.11460622601786241,0.25561268887635613
84,0.05276874595735492,0.14678878857782873,-0.16081792249709626
85,0.9772026464451877,0.803753447703736,0.8927455888873337
86,0.0611909978954599,0.010741988602644748,0.26327561904644603
87,0.23850466954912242,0.22864633839075865,0.14085620756242068
88,0.5034650220663457,0.5133009200326824,0.4507154776059581
89,-0.09387954803338583,-0.10351752362089273,-0.1205474576860408
90,0.38237287549353915,0.21639397334495247,0.32351567040912266
91,0.284573148977755,0.06568229854142249,0.23481893437158963
92,0.5754682759225076,0.48358662837664945,0.37819328142237985
93,0.45056681063269655,0.6645065105192363,0.3855971684626922
94,-0.1309784864295187,-0.05601620108120764,-0.19225412998332603
95,0.4499932148277701,0.2740909938847187,0.1996588577822589
96,0.3074994283174399,0.18610343369561555,0.7792472510658581
97,0.7962845681282942,0.6725247353439494,0.8609052278428264
98,0.822096789166805,0.509235775687825,1.2006352400666214
99,0.7755977220478769,0.5998206926161513,0.6158381641127595
100,-0.11032142569911152,-0.10888279841591675,-0.2054035406990018
101,0.20285471103385566,0.15343448437995444,0.2687920099106762
102,0.10959140194011274,0.1487716805309902,0.18719900883018115
103,0.2961742782586343,0.20001557464359543,0.33876056178021274
104,-0.18760831515919074,-0.1416456001993035,-0.2552771839773642
105,0.43503248878822354,0.3278512710996879,0.13016171472164406
106,0.21008415580996553,0.20990845949561443,0.4560145796227897
107,0.6385774660296677,0.5169381324108671,0.36961830429104037
108,0.041987396887768424,0.014976228976054662,-0.10254156306620898
109,-0.10684414254576957,-0.03934889027233002,-0.1081122359437453
110,-0.05197482801508757,0.010491240556423032,-0.04570736674765685
111,0.8202487538364778,0.8719695599859711,1.2539478696646746
112,0.17517966501406068,0.12131541798900236,0.16611854871703624
113,0.4718713720977077,0.3943955563070001,0.22782365687083517
114,0.20127849271135845,0.22935951201962168,0.27589675794983304
115,0.405398627933776,0.4091763821650469,0.37139981904596
116,0.13962419329497866,0.08280111302782789,-0.15424044093666145
117,-0.105917354506607,-0.09403495861201638,0.06954058884022118
118,0.13755763446310731,0.0403621600052535,-0.03220067314267916
119,0.07502192482703096,0.13249897777850816,0.0014566430310694045
120,0.322310173676015,0.26975398664384587,0.3090564723139446
121,0.8323506467205737,0.689288706035216,0.8238712121626077
122,-0.040510349424352055,-0.05151746543375846,0.051476886846681946
123,0.5961675089514156,0.45398176917146715,0.4333413203265162
124,0.14731495494600844,0.05806623335533323,0.3236896097868722
125,0.5152224540854657,0.5494964503650446,0.39560951183930726
126,0.1530978736020716,0.13213324101406299,0.3191246773560372
127,0.22338122063612298,0.14028743117577092,0.39868559132396597
128,-0.048694410777197494,-0.03910731180139404,-0.06603560240518358
129,-0.04573054720770453,-0.060572891543825946,-0.11944606411270453
130,0.010560727005193726,0.02242218853101141,0.01282301367212102
131,0.4230450029701054,0.2882782786272484,0.3950124313331711
132,0.33388809241149797,0.4986228529462271,0.27736904364800297
133,-0.040870891116418284,-0.12743540616175386,-0.2199584090074893
134,0.11321739863941649,0.07969093599354449,0.13709268429665955
135,0.5954089495173791,0.4364829800014358,0.49684260624737475
136,-0.06425875163520178,-0.010375308032484432,-0.10346344714882005
137,0.07479567130114795,-0.022492634272353373,0.2878387953865782
138,0.07833580249592953,0.10338188480233312,0.09333496255058149
139,0.28124417283108705,0.28657753019035925,0.1633333603891478
140,0.8974578503156267,0.7388126758103886,1.2898441512320429
141,0.8007648223571286,0.491455162508188,1.0437176711092633
142,0.3201729642522657,0.22266563273481155,0.35134275577674123
143,-0.15121682538579373,-0.09628196481931961,-0.139537280340002
144,-0.12347931154111069,-0.052031205254797985,-0.025824843527541552
145,0.2644196647542527,0.2789276376018479,0.31398102885786283
146,0.7100250632391254,0.5203673189557567,0.11740174727994002
147,0.4845898560802262,0.3666472347871763,0.31413450705247925
148,0.047581134747203935,0.05147315474258751,0.014792561802176474
149,-0.03472341649448418,-0.006626389767212415,-0.1084231349601058
150,0.3475391438034725,0.18025177548716242,0.11266840244420218
151,0.6101343006589279,0.5016800240301982,0.9376763972731963
152,0.05853117481614434,-0.006912235460857841,-0.052118043145409576
153,0.09251385731943218,0.11731832309551482,0.26470022996282494
154,0.14133345805497788,0.05969817041102177,0.23483094128416448
155,0.14918489414969138,0.0804526815640767,0.28035170733109327
156,0.26740184961307234,0.29267105261689275,0.3008825511169526
157,0.8819113993286491,0.5937990046996393,0.5218861377279345
158,0.33120618597936624,0.15769136079930224,0.3879552932980157
159,-0.15338787984379398,-0.10960214080499986,-0.13323306780690536
160,0.01729076664153517,-0.006150895365252151,0.036171973085008746
161,0.3668164280288553,0.29142567988251833,0.35773038786800515
162,0.8195898018725256,0.2866414329150835,0.5990650049297499
163,0.44996709765524856,0.5304495050309288,0.46401668811547503
164,0.059045927996324465,-0.03909159520736105,-0.07544094509677501
165,0.4547034669322101,0.4852325187716655,0.32653199335964356
166,0.066755507528371,0.061043712113091564,0.25215457428095167
167,-0.027887082368793004,-0.07320750382995866,-0.09979325744071932
168,0.1313198286121755,0.07594099379604557,0.029289174583984723
169,0.8526006153070336,0.39449226511671,0.534701968059802
170,0.6099061325434476,0.544317283799751,0.8038241213330928
171,0.30032652050602304,0.28933770209905396,0.21287342849814728
172,0.003970964623298157,0.13614476686808574,0.10331602434529841
173,0.31734105029027004,0.16248287489842217,0.21290622630519662
174,0.5237949593352176,0.5600455431888907,0.5192355478800972
175,0.17671351985224049,0.12599915437699472,-0.033863164328998385
176,0.21065748621167413,0.2683392355711771,0.19787143345242342
177,0.38271195140298464,0.26431749526751736,0.3716361138087485
178,0.27352960634844115,0.4072519601101774,0.18197259521400877
179,0.22185947304132547,0.38204714474248114,0.262660390825449
180,0.6895155373292132,0.37611431724306876,0.4195519118035951
181,-0.1777079668878938,-0.15965361467152528,-0.1799503727446129
182,0.06346347012545861,0.06759859090948295,0.21973728550945992
183,-0.08333227266784105,-0.05776746719951664,0.004975092061015651
184,0.7673758409421716,0.6630696793574089,0.9398232427304016
185,0.7184058242419411,0.5061176734085271,0.34066049749614424
186,-0.059445070580958936,-0.005315030818835109,-0.03030767076132901
187,-0.06948441726329502,-0.05295012334997107,-0.09657812694152235
188,-0.042330463184212186,-0.035296481726079465,-0.15323406365599535
189,-0.023066172670537233,-0.02836517273593664,0.06834692669171227
190,-0.12253238178251202,-0.1193263805358965,-0.1983811822158672
191,0.21975015259211284,0.20318078818895424,0.15549401619870484
192,-0.009859132807201743,-0.0029687025826776736,-0.15529347975682628
193,0.7649176267515518,0.7044842064286536,0.8747261432527169
194,0.23867433714183273,0.023997086149867286,0.08867085184787782
195,-0.13518536048470498,-0.07434969176806727,-0.18605025296181954
196,0.153724433597348,0.11913630111875761,0.14659413593238457
197,0.21263544033178983,0.16592850614732502,0.2173537820588778
198,-0.09936813573687986,-0.06636006461406097,-0.05093969838300905
199,-0.19013548825530424,-0.20243621889741836,-0.19658169261337233
200,-0.18145132060785218,-0.2025204615506856,-0.2215295092116395
201,-0.09070546584526284,-0.019389642728108503,-0.08483786685064731
202,0.21278192692083842,0.19412525143220782,0.17293628249056225
203,0.9016464079665041,0.46136939640674046,1.0162992953899064
204,0.3186380020793642,0.34579687281694316,0.18559807196245526
205,0.5181516501241765,0.5410280979467572,0.5236291035660634
206,0.24996181279801588,0.09680667849170432,0.11008252500261295
207,-0.04584425543953241,-0.054639321115971584,-0.06601380434893755
208,0.3956013458735006,0.34139591126849567,0.27599518068645157
209,0.22803919809123552,0.18611186353495301,0.20634228874149962
210,0.7721137821139412,0.8110519770097595,0.956055329111634
211,-0.10930164756785787,-0.14574092273893224,-0.17562452387200933
212,0.1629723811187589,-0.0049321939206535825,-0.05718107177918008
213,0.43369925906498774,0.49529779093595194,0.1710015783263008
214,0.6597844692795183,0.47888815902796145,0.48809854463864166
215,0.13219566906415792,-0.008440122165849773,0.24682590132810356
216,-0.07806618459372994,-0.06646678085972824,-0.14606256979092613
217,-0.104064092190983,-0.015065028812556669,-0.05950997011904047
218,0.4344585048088334,0.4853757048516374,0.46877625624864905
219,0.8656007005194091,0.6587020232318355,0.7849517489144753
220,0.3168164064141539,0.05884809129952773,-0.09162483165647661
221,0.43601567207820047,0.47315904967518185,0.2878828565350653
222,0.2516116581668013,0.2719880755323618,0.19393186628352854
223,-0.14438173245808728,-0.1258726426077481,-0.07465848391715257
224,-0.02843277035334557,-0.020566697885114116,-0.12895646866552635
225,0.42148449789965303,0.32852134571170444,0.29936515132228214
226,-0.06635676046954431,-0.04155409504153729,-0.047355052804614495
227,0.29166498695448406,0.236602790915442,0.16152658222011174
228,0.6337235483521115,0.6649395754769727,0.9228629967537811
229,0.5048649384642145,0.22535939284929252,0.21056129886301767
230,-0.20625005252168116,-0.18683526193765287,-0.18829262091311172
231,0.6111728751010066,0.3526511799298391,0.5337907280237464
232,-0.10096475710078412,-0.10858713676418408,-0.24548792741859293
233,0.27940274829484957,0.24592704388033537,0.0751512337940432
234,0.1796430732190979,0.03343394031761515,0.058958934605386926
235,0.5167424713126634,0.35548645132391576,0.8167833638984654
236,0.11769228815075117,0.06961128222437063,0.029841197126350583
237,0.520795240678523,0.36221715178015734,0.4472327169554078
238,-0.11839590054889759,-0.10458767060049545,-0.1437580230547849
239,0.3810926674217767,0.25957504552210375,0.28323766228345537
240,0.20067621033074112,0.14919518261585996,0.29043589659158786
241,0.8272148476699044,0.911490484826526,1.1069317854375518
242,-0.11475800580401052,-0.0908196005854639,-0.10890467469733323
243,0.34674474859324,0.4054321643037655,0.15561450941084765
244,-0.047924609448687705,-0.026603741964935423,-0.056614651358859014
245,0.5921269193421448,0.5185248090819652,0.542381195379668
246,0.27438387718998825,0.2821050163451737,0.22356187336336553
247,-0.044765058075565634,0.020108928416383787,0.008941624499439804
248,0.2683925790822661,0.2045790698094072,0.03573170770789935
249,0.6793895187868861,0.6562062838380338,0.9793739634157201
250,0.12675328698126043,0.11301957717693556,0.11263631893123116
251,0.9128157515349951,0.7512548349011274,1.208350047005855
252,0.24449763606243402,0.18997024147218045,0.12672051967533937
253,0.40398759290290664,0.3016158234747097,0.6084208229873369
254,0.19263043455581852,0.06086237159835317,0.09175516324485922
255,-0.11604369704072093,-0.11901004909972435,-0.07877942054533127
256,0.6452471763464216,0.6724302627694305,0.14557201638540707
257,-0.08328161994102823,-0.01194516466379869,-0.1365166729587971
258,0.5921052446907917,0.4356744369069383,0.22923125840557756
259,-0.11798854520902258,-0.08052199148385919,-0.158265147911397
260,0.3804987715163899,0.17234403440683854,0.23039250280906765
261,0.348107164946893,0.34814506658810895,0.48631654069003405
262,0.8183921087119046,0.34307278987558965,0.5860018497066639
263,0.13011675554012125,0.04391477426590207,0.20138097122664766
264,0.2264807361524006,0.27977619472304105,0.230620989453461
265,0.3195110788855906,0.34985102506364063,0.25730455935477536
266,0.6085159628282748,0.43806934273219134,0.5592131611992188
267,0.16704112008059524,0.16109961093326497,0.3928048042125527
268,0.2674184554091479,0.12069996580430264,0.5896260682142409
269,0.17220048358956408,0.12944672782066036,0.3235009060168197
270,-0.014736117602267562,-0.010883229679418793,0.014988271491134242
271,0.5992762180394893,0.5755058050009851,0.5595626890433631
272,0.2896403538367138,0.2590756929948319,0.30688304129339694
273,0.33719829230765686,0.3525232718942959,0.2442326768347034
274,0.06896937383369428,0.05665109932837753,0.24350931905712225
275,0.3006372263930599,0.3155717771934605,0.31167139435171
276,0.5029644117475192,0.3126829437744232,0.05556154704330418
277,0.36414711744117234,0.28346420416322005,0.675101075000617
278,0.6739468980184393,0.9564854357759311,0.7221184994154841
279,0.17364868019723922,0.05249057426780035,0.17991815882460038
280,0.6939729616869341,0.6131240092760664,0.8025595728254749
281,0.11103867684691271,0.2779470715792616,0.29112415469333364
282,-0.010026475536636048,0.016412788446781512,-0.08246271547438566
283,0.3159958683376982,0.2794533684523379,0.3925470023067137
284,0.8580380998908383,0.8642219611003301,1.0153290193306144
285,0.3625503119843312,0.2249011571808246,0.40002049144777097
286,0.25927610040014404,0.2024858197385626,0.2522566995315545
287,0.422715750372211,0.46768560195601094,0.4892385117170579
288,0.5018711834452285,0.39235750845957207,0.38761343111444724
289,0.3833634363686642,0.24987715215563022,0.4998382362452449
290,0.24617037864941937,0.10367297999159697,0.14449855632220832
291,0.15279550996800784,0.09938959914836087,0.18214048697276164
292,-0.004663728281147361,-0.00028832964665070904,-0.13871194853537405
293,0.7928667437612262,0.7092005761514801,1.0266720625312158
294,0.5952455854237204,0.4069544037990167,0.39883145649143126
295,-0.0831687289824139,-0.05144421549941203,-0.06711517454083071
296,0.07174991207711368,0.0054158538252302435,0.23168425273232174
297,0.4085740599588683,0.3458026457953818,0.46533789299810424
298,-0.16357289143147224,-0.20349790031175785,-0.22320505972437976
299,0.45046815605162704,0.43709590121581576,0.41837511691694584
300,0.03772681824804103,0.02735940504333323,0.08674375176652593
301,0.39719102905770143,0.3224706765855685,0.5826333761073224
302,0.5314578211833625,0.3864101350019786,0.28755331584634525
303,0.08007509598463436,0.009032849740922888,0.27117854445908685
304,0.2835588452790456,0.19124085534812352,0.286587020931659
305,0.5341090431914222,0.48176790451498763,0.20059678516385437
306,0.5111743767513115,0.46177400907700883,0.7170105088593492
307,-0.0028342354177745,0.040530688738793286,-0.0005876727301220575
308,0.5300944720357847,0.4656577686050698,0.5059869676178035
309,0.642804881867288,0.41836304841204797,0.24672555839318644
310,0.6356819374994997,0.6598819370452358,0.9602628380543818
311,0.22068128537915,0.33913924608636403,0.14347285270678012
312,0.6441440078076122,0.624308617435676,0.8174319116940207
313,0.128652535641395,0.0032212999995657743,0.20086268637229154
314,0.10477437893872077,0.02985279210925018,0.1370851582494066
315,-0.15600097882676933,-0.12500239916847067,-0.20730768184805015
316,0.060998720156423936,-0.041926565406548044,-0.04198729478401786
317,0.5778610100256594,0.3308926721905572,0.5206067552623426
318,0.22417775626880743,0.20282628595604857,0.4183363737184693
319,-0.05456176032394888,-0.05413388901460947,-0.11288157464684356
320,-0.22738684643146323,-0.16738434114752143,-0.24017969221565838
321,0.2894132246131005,0.37852820146556687,0.26168173601076994
322,0.3909738968121643,0.2990713575284807,0.2583613460999441
323,-0.07802674647734009,-0.0749738812674674,-0.17265171473923757
324,0.4200760262897416,0.46211515080057053,0.44776231871916483
325,0.1155250096880871,-0.008848722705841916,0.41198991712749855
326,-0.14230179331806725,-0.06430597496538926,-0.0806270893526081
327,-0.06450170702556413,-0.007643014302421092,-0.17755280080006097
328,-0.2240610914354476,-0.24408853982501366,-0.3110568594089609
329,0.1940027257194885,0.14700271754551442,0.2150939244983867
330,0.24689574268778092,0.2032077116165505,0.15171293941298747
331,0.14206221808272246,0.11991617811312572,0.25869302414351547
332,-0.0804191085214978,-0.14284401508944233,-0.15209420575292354
333,-0.09024457368415917,-0.07426339123691106,-0.04334295314444281
334,1.0100056713349899,0.7161299443933615,1.2772703468042064
335,0.16915322716242964,0.26538829995377555,0.14085906715202356
336,-0.11823072803812651,-0.10677372390361706,-0.16753279338760885
337,0.3819681536423456,0.5775222863767058,0.42216040229288687
338,-0.0939523514907652,-0.07552460317133436,-0.07128198908608996
339,0.2820714036147378,0.16860494140007987,0.40171327445671845
340,0.09375491859536855,0.2008735717935055,0.057623014653406246
341,-0.03663943087843602,0.008754473952577335,-0.13014902107017245
342,0.31827999247547645,0.2603070755143446,0.18527380945187977
343,0.39159441593075117,0.4403105278710988,0.2736840070866602
344,0.2892682061843064,0.27712935188498,0.47367386533183486
345,0.7832729283976358,0.5890742357819385,0.41863271538153524
346,0.5763090076363306,0.32384786147399214,0.2767139050257519
347,0.23784882735126778,0.2689625115147445,0.20707352008027557
348,0.23841597641305334,0.3694239163036579,0.2961919608556307
349,0.564977353384104,0.19822975788587627,0.5497882873704594
350,0.4756245639298422,0.4038240032376126,0.30789609152783437
351,0.5589225717104047,0.5399645683380794,0.4738993289023019
352,0.3000481959087671,0.4348214732545925,0.4512717973446949
353,0.4904715486721736,0.47028786567794256,0.320757412740476
354,0.11970959779618173,0.08940464938558446,-0.005616861255216099
355,0.69353140097112,0.38985981861763763,-0.01186457624610815
356,0.3511478952214313,0.41701802182532344,0.22361343264238998
357,0.49366236924155915,0.3920894400282704,0.3735400825609412
358,0.4098422408474598,0.36550429571676046,0.49259407363076035
359,0.6479954778482166,0.5096383678082104,0.807300164325242
360,0.15949946123017966,0.17980145431592431,0.2414648407351525
361,1.0345019686590358,0.8881244648724469,0.8150643959308681
362,0.4397652134991108,0.25664905036845087,0.4751282737444069
363,-0.1042941649283009,-0.06754410830103685,-0.14442173738769526
364,0.33086761537805676,0.28046289441531913,0.4417562755696727
365,0.7699850145992593,0.7364484054570253,0.6217571404621525
366,0.5713225962720594,0.11300544787560529,0.6924956804225233
367,-0.004110424656578071,0.03577436952070845,0.07010852123271882
368,0.24136688340399726,0.09468995113291911,0.06357495219231923
369,0.4717692450077431,0.4900122712453785,0.7699239541844052
370,0.2520638976972793,0.2173364052417761,0.08022573288061885
371,0.8311098256604625,0.815389591206295,0.8210020225433037
372,0.2539045861987428,0.353517895352067,0.11659900597236095
373,0.29125894273221564,0.3228588470945677,0.20181677316653013
374,0.8427638284204753,0.8289508513880066,0.9150240420447691
375,0.807083305495768,0.6776677398628408,1.0197006617515498
376,-0.1888123047691791,-0.12004289384093492,-0.18756641793370032
377,0.5231269977892581,0.471289011173607,0.35460114730051173
378,0.14418651511252634,0.10614507082152613,-0.08804194568445889
379,0.7976286333640958,0.49440223585319587,0.7620649801526622
380,0.4697333375313075,0.34571220980558137,0.40648852275461
381,0.12497230221224331,0.09949894486466349,0.27891085524993264
382,-0.08481236183665453,-0.07419215513438049,-0.1300781789564729
383,0.06116996846939404,0.03222554518414955,-0.059781240024315174
384,0.726284699497397,0.4849280628529442,0.2146355266338449
385,0.2902213064925463,0.30570229790101067,0.24375483142198173
386,0.3886895770546741,0.08535140121901175,0.16053797670385372
387,0.8863299214350326,0.8969812500367054,0.6904059896122545
388,0.07037584983020007,0.11039362400069663,0.1428975104975374
389,0.16307082940632367,0.12708579583534618,0.09063449206577379
390,0.09179465332782066,0.13433374731740821,0.05850574805615727
391,0.7768993146196086,0.5828054826811753,0.3748372544815428
392,0.89824547013394,0.49923864462951495,0.3820592466046169
393,0.26936136330130545,0.432347105309445,0.2563194654215293
394,0.19788820420844755,0.30896940083239,0.38782441381769805
395,-0.10864654084943315,-0.10680676992740668,-0.12878170149988066
396,0.24190367985543526,0.2092158946716367,0.31685448423673734
397,0.03265387484172888,0.055841190691858555,0.091872524102389
398,0.5556548405576163,0.43462460892952026,0.4750134898794047
399,-0.17906424604723437,-0.20043336992130767,-0.2422138494453191
400,-0.2371529352280175,-0.22256835673554076,-0.22243143391934306
401,0.5121254901627676,0.44701515357711097,0.6587834980158511
402,0.09961969665455195,0.10387258382612541,0.33804481974720924
403,0.2103409867246271,0.1469858560446946,0.2464245453812519
404,0.23683958286202667,0.2232390941032223,0.17050485451959063
405,-0.0008917454965442495,0.018151665413979057,-0.05995629170536709
406,0.5400231929093797,0.467787302649892,0.7820252969236718
407,0.28821200029379823,0.1794413389055698,0.1941394634827296
408,0.7579180918575137,0.589085138028272,0.6460636918491567
409,0.09579731423349269,0.10955430249347264,0.29215785516103887
410,0.14332283543245383,0.104447735441344,0.13933368504347698
411,0.3859434684668135,0.3923004888955972,0.2945987790867941
412,0.1508244394394307,0.09195545620629231,0.11952611962966309
413,-0.03126376410101517,-0.06376492760595964,-0.0945286091673434
414,0.5184047497556152,0.3746913137070864,0.6049015337124997
415,0.7772322704393106,0.6095777926829766,0.4634319221944705
416,0.4786868286566577,0.4371453378001353,0.35941503747129255
417,0.12309786222666852,0.06135082508400713,0.0030314572266187945
418,-0.1999650452719295,-0.1890978226151675,-0.1993349121650143
419,-0.042136371177383,0.01015586721967665,-0.10245431816813422
420,0.1840650273628457,0.09531700551104327,0.2653801835904066
421,0.1916032384784916,0.1584584383385086,0.24373124001550406
422,0.2569179855179402,0.061136586547200444,0.13979864953412635
423,0.21305930408519802,0.11689505524298816,-0.046342095659295035
424,0.06788317918057452,0.04105089605000467,-0.09323601772900181
425,0.24928925275197988,0.14848401514246,0.24132781160094097
426,-0.1451328526586354,-0.13030275254562407,-0.1808520602436735
427,-0.0397483516724626,0.05382139793695795,-0.05731074403355163
428,0.06410625934814962,-0.011627585292135145,-0.0010026421712121536
429,0.22557848878636322,0.13477638346823517,0.06197273647687207
430,0.06873694912033934,-0.02331253456225224,0.23756390786316528
431,0.10597380755369379,0.1374331646454927,0.29822438077632585
432,0.3125624761720833,0.21603458691946997,0.21483651936568027
433,0.4491102201823507,0.33937137204631806,0.29775145007459947
434,1.0004470900058489,1.0110825801664776,0.8607088107383911
435,-0.04530854538164186,0.015569090561540211,-0.033096490076070406
436,0.0494755941170224,0.12827269035919886,0.025363218529025122
437,0.14935888700588285,0.08891319429486244,0.15850002933216412
438,0.21143674104697263,0.15221665127418182,0.3141271338132299
439,0.5395190828219343,0.37617551566499063,0.47324865126483684
440,0.5314644230950318,0.44256233242238574,0.4378501734985061
441,0.79499532862838,0.6515397213619321,0.6954482321818722
442,0.16183082347049194,0.10850300621841513,0.4499420118851283
443,0.574082987454507,0.517842205659258,0.5543740557327688
444,0.41541909248292463,0.3508424326100288,0.6867440207816533
445,0.8718288215655039,0.6894387977813141,0.547810955789678
446,0.5377460283744637,0.5603547270025893,0.19625376710661735
447,0.20323050871801218,0.10129432088414458,0.35192374898789014
448,-0.011571460562982971,-0.025914278607775065,-0.07167827408820904
449,0.40778904260737914,0.5889702823246661,0.4080013111079308
450,0.6712097242561852,0.4664394379885226,0.8088816188945172
451,0.9576449446434978,0.7325692877672154,0.6092177467141815
452,0.19894765620312183,0.05483701091259907,0.2897925949124722
453,-0.024405471266706114,0.07909695304442255,0.021504841596217572
454,0.38220504536540645,0.6725789580653168,0.337165020894556
455,0.24053990089221244,0.11305616453676781,-0.07468234836727261
456,0.31210324545825086,0.31952347572441875,0.2680376428655704
457,0.8721835094963586,0.9440613021171491,1.4944227324139416
458,0.24438134701776448,0.12993491589305828,0.03626601886151226
459,0.7935121492968387,0.7724534531356329,0.6887254756655641
460,0.206452498518372,0.15017714741579336,-0.017802171997817418
461,0.5329500226576216,0.4305820619004008,0.8296080211553924
462,0.43780260751475963,0.4223248972025211,0.25646592459589157
463,0.395095239914822,0.2756897264519462,0.14571557542743796
464,0.5396282327740574,0.36416745402856443,0.2867687774356762
465,0.017663256852618048,-0.04023706160735763,0.11627205996549494
466,-0.0975420475264761,-0.05457622496491932,-0.11700991601461974
467,0.12207701500437151,0.05457028511944939,0.1036200264929541
468,0.7954867358556934,0.6069457607406956,0.45896193427463805
469,0.3319859510075551,0.284490457596553,0.24109506956665805
470,0.09853453070158524,0.14264226592667373,0.20374195509935178
471,-0.14705965683969968,-0.1103702483946376,-0.09777530405343293
472,-0.0014942147743320922,0.044573501056393905,-0.03357772371529266
473,0.436367724073113,0.3173751950783392,0.3886578764556312
474,0.5009642520261144,0.387917005925863,0.5519610794957215
475,0.482181438059873,0.30154708052264345,0.13460450540595303
476,0.7036512935830106,0.5951167921085567,0.8424659280877593
477,-0.20035554992116478,-0.18145625638925744,-0.2756078976216636
478,0.03015659931344805,0.062151351411504185,0.07350817868364024
479,-0.10001126242304037,-0.0708761485610705,-0.11269286639815634
480,0.23977979123654936,0.19260059150666775,0.009491866513198
481,-0.03566903825528189,0.0375880558557562,0.036810333855571864
482,0.64834335591306,0.4325317940348503,0.8597004712063674
483,0.03497178278956792,0.00555267028251083,-0.11543978539473221
484,0.1446966896554076,0.09587957248646295,0.15371741625750412
485,0.1620485649330361,0.10567708908747453,0.032561978207963804
486,0.14030266233924227,0.04305613166558686,-0.059733802545351655
487,0.09629578368347125,0.09640103027713764,0.10680025094568668
488,0.1851397924718292,0.2492072793471498,-0.14075586865016176
489,0.3389310602439908,0.34415815076615197,0.3309848192655007
490,0.24102307772830844,0.27696166775504527,0.19710644403414035
491,0.330411414549298,0.5064715459425799,0.3506647970538044
492,0.27364161741029047,0.2679440358178937,0.3843391212151035
493,0.024210219528524313,-0.03989302356994229,0.13664332502938747
494,0.0960222236523931,0.055652159409038005,-0.12160153377511806
495,0.25602054891036086,0.24192924638357294,0.04377126255716823
496,0.6658804045218356,0.2851994000362539,0.8281204440885228
497,-0.15321103538455472,-0.12747337093781863,-0.12289636838304041
498,0.8990518038840389,0.5654895884242941,0.18232198716800907
499,-0.09070806835597534,-0.11779387137890684,-0.10292761676282725
500,0.6746301393941059,0.8148825011254219,0.46416896156993426
501,0.07223003746819745,0.056609235166885874,-0.06564539260055813
502,0.5864943224690302,0.46618579421808604,0.6613153611074278
503,0.2145636481590647,0.1328254495584822,0.1905598595408291
504,0.20546371002275587,0.15964991655462946,0.3024223435454807
505,0.3752551810123388,0.41965924670474664,0.20653864687671653
506,-0.12265810810259814,-0.05848113917750819,-0.0704646299389593
507,0.7495241844037717,0.3764443669657527,0.576425464922572
508,-0.14070259437178578,-0.14276029314372296,-0.07477229795323448
509,0.7331054525381921,0.5526947053112456,1.0071710013489739
510,-0.027289027320008152,0.009417921945612973,-0.061348342527165256
511,0.6660662777020345,0.40121038241926454,0.19279259679284344
512,-0.1612298719153874,-0.11308802565820042,-0.21937587789469448
513,0.9496368754856677,0.4585395222306521,0.8658587792517058
514,0.12737387658563115,0.047918384679248804,0.1427375456459632
515,0.32436613223019606,0.19722017945874182,0.20677989640425465
516,0.6468605120294384,0.5025657036661664,0.30611239182608596
517,-0.09427149170094651,-0.08321248890931299,-0.15766597102338165
518,0.06519180805857938,0.05159621422022398,-0.023688333067343526
519,-0.10747524417349619,-0.11069448123271675,-0.1080498406678635
520,0.38932292613299,0.35739074659764714,0.4811489543273779
521,-0.16062792085345745,-0.11253053196114948,-0.121082327501976
522,-0.0146139106774682,0.14278871165208273,-0.04076224159520092
523,0.6188139198711013,0.4616293709666168,0.6317689259419599
524,0.11639764159150112,0.04921224409974023,0.1995742108868488
525,-0.16847981478722007,-0.11910897139192633,-0.15983217646435433
526,0.0002644822298032423,0.051840567506528545,-0.12398035657969586
527,0.2904667977045876,0.27533722294719376,0.06912026454728437
528,0.20843817746552462,0.005797078076664741,0.2118220032461684
529,0.276257303672204,0.24436836056072342,0.47621006760495166
530,0.07956503833892148,0.05530944043755426,0.34410021049055795
531,0.06286931320467626,0.16519537442194965,0.15007641471785083
532,0.281817562141514,0.2021283280009274,0.3817087341854377
533,1.067976582025128,0.6922887132209012,1.5665601643492644
534,0.24945897730106714,0.16629533943654184,0.16222520905805404
535,0.5343225456326615,0.5065791227005048,0.3488429220210667
536,0.7687403797615597,0.7938158173626662,0.7853994760773038
537,0.6969603353467106,0.5219292711709451,0.7860634776574622
538,0.3714719916560598,0.3722901197772628,0.41565531091777674
539,0.5500611219444225,0.4802397009402213,0.646080534723035
540,0.3119910439861795,0.22321867123858663,0.4453449395105522
541,0.23787922806445416,0.13663329479904207,0.10826341210997925
542,0.7650539755161097,0.6861623282160811,0.8258020837215185
543,0.22350831941556493,0.25343004034294125,0.24425769802898056
544,0.4877372684870649,0.2838384398331313,0.5072465911852433
545,-0.05133465731034037,-0.038834163421520684,-0.06117720327486942
546,0.49282014192139667,0.47497989666217344,0.788258393096003
547,0.009064978808030588,-0.12571513713428495,-0.1081920243826584
548,0.5232222031333036,0.35080505021625896,0.691478557228403
549,0.8715497613529322,0.6797585795723913,0.879590612784124
550,0.20057613519965511,0.24407492514122775,0.075546691586726
551,-0.07564976628520947,0.023095398797896793,-0.015117941280858083
552,0.24702002580125182,0.3280884916060418,0.2165770046053892
553,0.7107546555372561,0.40301238195682343,0.7121698396062794
554,-0.17456143644422162,-0.12753874240802743,-0.2470819622287238
555,0.22767106794281244,0.22622941258199614,0.009052630944234918
556,0.04498005641090552,0.09684106446187735,0.05288493999947064
557,-0.11317780425682522,-0.05323134625076387,-0.07357828717673764
558,0.24489358473332978,0.09223220310765612,0.47971799832900186
559,-0.1000327076566806,-0.11854464876379367,-0.18987662532746508
560,0.2516808050364314,0.21077190846124605,0.4867592185717722
561,0.24622308559423134,0.30196311679716525,0.2403705052598264
562,0.6292823442687177,0.48091817417364946,0.31709756265232203
563,0.07870347470114814,0.005185182814446243,-0.12311674524031979
564,-0.17471036423577802,-0.11905840231821452,-0.14324329100535882
565,0.05155587636732073,0.09542761643718634,-0.007776380669196725
566,0.12677923816852021,0.049087977636411484,0.31998316879344335
567,0.009995007017586266,-0.013539876884375857,-0.0761053075656064
568,0.5071352373186355,0.14307532609852114,0.02176731796879494
569,0.4040039462338456,0.39103484713812997,0.3748865604859881
570,0.27314061751748087,0.38368955298626695,0.23637710457386207
571,0.0032744980299563853,-0.0502832070581376,0.16816782004864472
572,-0.06576553556801279,-0.01595464992509965,-0.09291544091063675
573,0.15518180525121328,0.19910244542259115,0.4381752666900891
574,0.7250931091818773,0.35027725281537525,0.32426551359952294
575,0.5557041675801702,0.5526519030689161,0.5934969288832388
576,-0.17994162523428692,-0.1676107097801548,-0.14959226811734472
577,0.49684220901497,0.37468286488265656,0.3644886918940138
578,0.04086972186874904,0.06744746359250242,0.03504646498535746
579,0.3036635685086069,0.31346087030161773,0.28623288236583044
580,0.6513007450038217,0.5585979401383787,0.7071378291300732
581,0.59416449753025,0.637447461367896,0.858100224057071
582,0.4981631005385121,0.6317950665565588,0.3509163286581083
583,0.7097911582417333,0.7814429964994569,0.8398140365196713
584,0.016208268649905655,-0.03754362260881128,-0.21105977116915708
585,0.09698967323337615,0.07244590631796988,0.046472512660695964
586,0.01724787393050975,0.04183212687540894,0.03696041438048758
587,0.22915894765110845,0.11776744815164553,-0.07028495192399442
588,0.2939137630145938,0.2194226372196726,0.17858833627490944
589,0.3880475703233721,0.2619590228861792,0.07317186957649469
590,-0.17547602521093597,-0.16985564939784248,-0.2144531120638985
591,0.31314434866664276,0.1784617102783781,0.032501835592347206
592,0.7221078308954976,0.5487732677599457,0.3627938892408671
593,-0.01165829953523545,-0.07976866480446088,-0.21019526210120143
594,0.5991976122999039,0.4648644290657735,0.18688387611019608
595,0.4147320171395845,0.20965809127465396,-0.02216297639297471
596,0.35788233862918006,0.38839543726822967,0.3236650128851959
597,-0.08329857530003615,-0.07869332187241818,-0.0869773591145151
598,0.2044725835081571,0.22666094438211748,-0.00463126723429097
599,0.1341724135529072,0.023343280768813868,0.2676717856545239
600,-0.1355846720062357,-0.1095692361978835,-0.07284465244098426
601,-0.06591976097010044,-0.0608390742122813,-0.15204972899539204
602,0.6350110282290129,0.361529787924344,0.5336018391117376
603,0.17734489681065857,-0.03916959281504062,-0.23110937273360366
604,0.5430922830423504,0.370177881603593,0.49987353041597893
605,0.44652636131118073,0.14926928618374746,0.015896740564386835
606,0.2303079573056861,0.009051367339458327,-0.018849519261569414
607,0.38728335302499506,0.3923915035507888,0.412182906864087
608,0.771015726377686,0.592754344872342,0.45796492389919363
609,0.12957579245456174,0.20518796392844196,0.3181615019665318
610,0.5463574845947692,0.646976965299074,0.5417322081674785
611,0.25590808867562087,0.42740569049032273,0.2964970373601974
612,0.7252120671115394,0.7312321666411026,0.9375582055362759
613,0.11133057552110381,0.13059267741720615,-0.05228643594942306
614,0.5207462513554997,0.5177686668249843,0.7280265666617023
615,0.22812393555056976,0.10379581019295325,0.12167536301129767
616,0.40085766740922524,0.4200239325332642,0.45530874695576884
617,0.23489542077817505,0.17678708973519597,0.17784449109495792
618,0.6806707104740293,0.5439756618777927,0.9625969228386828
619,0.7219980002235389,0.5597537544029056,0.9998357776929983
620,0.444985396112731,0.48187665601171314,0.5116179953267679
621,0.04761841715645376,0.01735088262413398,-0.07254766873246199
622,-0.12402596733879878,-0.07582046469047665,-0.16374375550092934
623,0.17335602409861517,0.05332224556079823,0.24381687125060458
624,0.4342355021599318,0.41676709839975,0.39938930069541123
625,0.13294700421972205,0.058560229910644246,0.018985043561299264
626,0.12660738385731563,0.040348281193828495,0.08346611226925948
627,0.01984020577090395,-0.06206062908804688,0.14532991587356703
628,0.27051178560340405,0.24086968098547357,-0.02218740894036142
629,0.18908792636026983,0.11031963952868895,0.23540260278688252
630,0.8671943941572224,0.5605268359137483,1.173361227021375
631,0.6187619661492907,0.6255355594980236,0.470863612252441
632,0.3775232601005123,0.17993257938294716,0.36185659061909914
633,-0.058175394682678516,-0.031852373841136816,-0.06296755451276426
634,0.6489091199640595,0.6593030181109079,0.278535090838927
635,0.572640676453027,0.5818482697446028,0.5712673292122941
636,0.465242469107755,0.3100175729262744,0.3158566581012052
637,-0.18143586092418562,-0.18737182938559827,-0.2678712228301324
638,0.2672838671615354,0.27257388167203445,0.25146680593765236
639,-0.12082489835657861,-0.12027346827286878,-0.16025540483788947
640,0.48717580569476704,0.42833798533318057,0.3274705894209824
641,-0.14948372724612247,-0.12003608874839355,-0.23899427251060312
642,0.20238603940904398,0.22974818962917842,0.22215138568593362
643,-0.004451682574598159,-0.014039277127179672,-0.1167459121621065
644,0.9322159783881452,0.7534649819234132,0.7513333254293495
645,0.1606979604376082,0.0654098736916473,0.019765639899881116
646,0.5584887220432635,0.4454903561710992,0.4632857530406722
647,0.5005567283005081,0.32194218512928563,0.4127709883722597
648,0.7474730154040385,0.7447006744042886,0.611757303211532
649,0.02766908189215167,0.003909914889268951,-0.02724031066613286
650,0.9819563510060239,0.8979354959272052,0.8273585867807696
651,0.02166346091457161,0.07559051424383512,-0.014614891671965613
652,0.4571144840766257,0.5392049597104716,0.24290497663417243
653,-0.05460942327020879,-0.04591528156992675,-0.05621188384575204
654,0.4518152638252959,0.35827705043106106,0.3650377068047439
655,0.508318389619967,0.24992783418520204,0.06359498069348701
656,-0.10811251886875728,-0.042987241280868504,-0.035482429602902044
657,0.7564122716207871,0.389605037960822,0.3072959805662536
658,0.14073336707765383,0.12363447582612763,0.06886462368750523
659,-0.11583238331876966,-0.09458229867171453,-0.16669705615360675
660,0.39452821650488623,0.370927914534249,0.30251379091124786
661,0.1295446962147726,0.016789854591155784,0.19746862192057546
662,-0.03085272805673045,-0.035255304129452214,-0.06380391159251375
663,-0.08527928764266368,-0.03717473724300013,-0.13109408658427257
664,1.0458957535232614,0.6116713757145582,0.552388815027717
665,0.0833131494264292,0.18065559832638223,0.1894638659870731
666,0.7205849058754279,0.8007742599706147,0.4749656571288461
667,0.03887447473196848,0.01956889497693548,-0.11888206148478375
668,0.5448425167157744,0.5374152715098264,0.6399372804791348
669,-0.060698877593359124,-0.05244265805398085,-0.15156633135512054
670,0.8270226363732665,0.49249526947849454,0.5094698508984818
671,0.17285906597627876,0.12066860400799784,0.31820656690179616
672,0.42733329586352875,0.4283499375625692,0.3483289051067382
673,0.1558991237638292,0.050262124148058085,0.12603644826372506
674,0.3788180098571603,0.26247005307429183,-0.017755739994620656
675,-0.010894501825762681,0.07099510491144567,-0.024162996125426495
676,0.08758575548731029,0.027157381897815247,-0.09280674817730705
677,0.4956050076376619,0.4233581942264095,0.6350117628683765
678,0.04687318635335247,0.024623378254166717,0.07177358188657035
679,-0.029465042563045385,-0.0487982590810202,-0.11377326059855786
680,0.1948623574992574,0.17826415000855245,0.1377775584895531
681,0.12367789372886229,0.18572778694498804,0.3698467558077454
682,-0.03253248910741191,0.021473736504296737,-0.11332832225901568
683,-0.174636023989866,-0.09918415173802642,-0.1269478097572242
684,0.648044807310912,0.578598110805381,0.9399902905867292
685,0.08716210158025706,0.09171022858705236,0.24505460955321756
686,0.7324596296572536,0.7140200867261268,1.436756345316724
687,-0.03434964941857255,-0.02524267116511114,-0.0920401265696259
688,0.10336730736088495,0.038426849382076966,0.07305539135923911
689,0.3048635456413924,0.2322807226366066,0.2558911766811025
690,0.15564813572303593,0.1889295193039473,0.0721782803156914
691,0.7502956187914576,0.7882848364409754,1.3500917193917816
692,0.735057774238741,0.750151229835532,0.9174350583595967
693,0.054184646895329314,-0.04045790018966955,-0.08905966190584524
694,0.1145289158292182,0.12617531670140436,0.11526126489176947
695,0.04388137794064639,0.03125578845704857,0.04764915663269331
696,0.05091562209047318,-0.06251609894328913,0.23409284015495047
697,0.5493899975626899,0.5590240202907115,0.945360601656535
698,-0.10683539264103437,-0.08685609918719317,-0.07809628482462672
699,0.24748721466248091,0.15964276600846894,0.3736030573496798
700,0.732371419481094,0.5105446803741092,0.6538925239361153
701,0.3823014223651291,0.3124028668949468,0.37090079676329846
702,0.006950277205087785,-0.031070375497393776,-0.080407915979543
703,0.549036125659027,0.5508622695373528,0.4143596463169965
704,-0.037127314296412806,-0.011777794511837136,-0.049275436372491876
705,0.5874681793438314,0.4360358757008529,0.5754648846982524
706,0.6711264362782334,0.4982349284039844,0.3502098040814341
707,0.6458603141185539,0.3976692998423512,0.15473272013736716
708,0.46214315829470887,0.3102677847338695,0.32133364686784915
709,0.937536493889185,1.2426725120963518,0.9088832453470392
710,0.15386199427282854,0.17807335215130782,0.30631148366201466
711,-0.282981286570117,-0.2057077957899197,-0.30479810179828615
712,-0.05110848788444111,-0.014148702784480216,-0.04097437380687796
713,0.19991910652428846,0.13637175962080916,0.09621977012747562
714,0.22277423932017237,0.2022564422170774,0.2829005251967207
715,-0.09747817028326278,-0.045924849398088385,-0.13332380837475377
716,0.19666809757600956,0.19672418094555533,0.29787706954282256
717,-0.22043600893900983,-0.19823489772655467,-0.20237026256772983
718,0.3068820945184474,0.364034685031946,0.3312323534522281
719,0.8498179234091796,0.7198460779223259,1.124097480540465
720,-0.038203293378632486,-0.038801380314191225,-0.12377538956084222
721,-0.10529879723522662,-0.05588133871928869,-0.07471716650923399
722,0.25066165827515796,0.18553092881930677,0.36489787065371804
723,-0.09292873942045698,-0.09977368809401965,-0.18222157229010116
724,0.612397508938791,0.4342990497428967,0.2704076904016206
725,-0.08527595621125617,-0.07113036161538033,-0.14789540540056278
726,-0.029436793697747987,-0.018350760747027017,-0.12410441208164691
727,0.24375906977540662,0.26218297120949363,-0.03715845945991436
728,-0.031256737689293934,-0.03460090145354078,-0.08835535129304295
729,0.6964500247661749,0.6632517972608747,0.8938448752915251
730,0.7804814706136785,0.6631559995584815,0.7429850019552025
731,0.26263400436073225,0.2238664452068937,0.1257403900636893
732,0.09405390616098575,-0.052408069898095766,0.048695436130245406
733,0.22730614579567732,0.17140773051280034,0.02836305428974062
734,-0.07611141897023987,-0.04942602928961737,-0.1831341756237611
735,0.8150855429608543,0.5489757899964989,1.072921047130877
736,0.15344894848137547,0.0785671551351379,0.22872127348644256
737,0.42978103876828877,0.3461974636623968,0.45879427604846823
738,0.5295689412814819,0.5838367989712705,0.4699814269284308
739,-0.19861194913710456,-0.16634116296209311,-0.2398250759324253
740,-0.08880794160852057,-0.024757662618156706,-0.030550905995606614
741,0.38548224486069516,0.37802198762428185,0.24134518701424557
742,-0.048194069417035745,-0.04801665151515333,-0.05376911453748323
743,0.8300810665725133,0.6109131665765246,1.0693171371114758
744,0.22676516530682322,0.2528298267611062,0.6038147961733313
745,0.692167636482323,0.40493799670697306,1.0445905315983661
746,0.06334928600467515,0.05999678302273215,-0.1717761935614146
747,0.2614067819278745,0.30319852653086365,0.1802672858536054
748,0.32668494784129476,0.3354441778039192,0.1780655660945767
749,0.40848078287312206,0.35200860453944904,0.26852458349516084
750,0.0051206719901770725,0.07273065168526172,0.14505819605640946
751,-0.23303617326622383,-0.18283382518485358,-0.29618686443089826
752,0.03314204559545364,0.07515367412533402,0.08118580519997542
753,0.30273018095673065,0.3842749512374686,0.5685827543840789
754,0.43391809466728604,0.4952616862766943,0.3613531464516815
755,0.6590748532504747,0.4817398106742006,0.6026812005987627
756,0.02955954738842559,0.05928252430193748,0.01167222512442212
757,-0.16914629917333335,-0.16579703359747378,-0.21181626858325242
758,0.001052557628028472,0.04148656934700301,0.03950633371351464
759,0.16756852374335018,0.07003151733129354,-0.12201055531863825
760,-0.076311993114207,-0.017369023072231204,0.006198459112529697
761,0.5631755403479406,0.6307118448895859,0.21001079696610092
762,0.2548339241507709,0.22327643780970052,0.2620025316072563
763,0.2840577974622911,0.20881912251702195,0.28946980249517806
764,0.8202568877656844,0.7092109234985684,0.9125538881135304
765,0.11221813075996079,0.13601927937168967,0.22083520145648428
766,0.3782182900945552,0.18441691966210794,0.28631744069162735
767,0.06814217039162895,0.1250694293735668,0.2358451386522591
768,0.1263884228904435,0.06493517701095675,0.19688257265858256
769,0.3599852040945579,0.26287624760220707,0.21184913267207017
770,0.5355710907204829,0.5427635341517145,-0.03236716606346968
771,0.07888253881393803,0.03341248990617762,0.16845157875062222
772,0.27445343897840835,0.23416841554594892,0.2705111972162344
773,0.3635176867205523,0.30363703171912326,0.3641948434026827
774,-0.06398139051215224,-0.052037067147766125,-0.06347532054103111
775,0.7715493760542662,0.36296818678102816,0.6451443617999519
776,0.15382888238749048,0.20690347845991797,0.11173517276572875
777,-0.07367577610823783,-0.007765245319142577,-0.10458017020998678
778,-0.04027287601064278,0.062744384418284,-0.09473833649275987
779,0.5090320199839999,0.5108700001330695,0.69362943420389
780,1.0208209452134205,0.9341527553670343,0.6184574863772012
781,-0.132660996349528,-0.0730424347820503,-0.13013154918240888
782,0.516352205356696,0.5475273428018459,0.21245937408925775
783,0.11169389817880937,0.07816552062329518,0.09128724916951136
784,0.1733011889497471,0.10333903284872847,-0.017640035201975657
785,0.16370125282502968,0.11464424372323334,0.019755024291796097
786,-0.16739188622517376,-0.10143319444263887,-0.1275669598928516
787,0.44731835612691784,0.4863871346333597,0.4116043441911772
788,0.10084555623346847,0.12647277724083228,0.03383703088926504
789,0.6405853040644416,0.5867156662993427,0.5184123205584363
790,-0.03826975651375486,-0.03672154036480224,-0.022176182970438885
791,0.5573734102893872,0.30437427296021125,0.6523922320083115
792,0.25157953470267036,0.398824097577527,0.21454932572454566
793,-0.13390894894911576,-0.08120054395006915,-0.22360790931562502
794,-0.09355708356617454,-0.07600522104784502,-0.20232285488863744
795,0.13574645642230365,0.1914924639711062,0.12554425176894468
796,0.54033628912684,0.3979518117447667,0.28780016084990456
797,-0.06919505571534568,-0.0700460833072113,-0.10432345148886668
798,-0.15745514213596956,-0.1556423554958073,-0.13535668798628497
799,0.5984509700580471,0.528132527278028,0.25626207680244417
800,-0.2452143629993787,-0.21133741964202524,-0.1843158068440468
801,0.0242918436278301,0.11376948430653488,0.1943052901391662
802,0.30042039421819555,0.29719273803940793,0.20733280837982337
803,0.5029214160617439,0.3827663931931453,0.617352238285706
804,-0.11932802829868627,-0.09335040603435418,-0.15335877739237314
805,0.05005787217955815,0.02781642930729533,-0.03382974950569162
806,-0.08812563887522407,-0.016586762458723592,-0.11165072233988704
807,0.026230487489075083,0.06303062840640394,-0.05333204783669887
808,0.24591538196715534,0.3149434289990014,0.20433669989845815
809,0.7080246464730711,0.424517787942559,0.6337245164729388
810,0.07096417212209438,0.20578506232290827,0.14132338436134972
811,0.009082437823814127,0.03568253531950316,-0.16736020753616565
812,0.6348259990196017,0.474617347062426,0.6248672677904932
813,-0.08583938686823922,-0.08101329402247182,-0.1622811944053849
814,0.3600235328077672,0.18615829127518047,0.2626441000081279
815,0.6921545134167715,0.4203889305192956,0.38381329997298264
816,-0.1017556650589404,-0.08058352514598666,-0.04144630687439366
817,0.4032178112758569,0.3457638931059961,0.3730405689485421
818,0.07526729508802599,0.10042685685148078,0.21809336695798054
819,-0.02035016073899676,-0.06455884486978214,0.07624822397343123
820,0.6225405086610598,0.4657888552552105,0.8031207159118168
821,0.6899068163268025,0.5797953377374356,0.5596356223631092
822,0.19994626417865557,0.10761068989660583,0.3064818913151841
823,0.4436957118125153,0.4797963752642955,0.5290369386909335
824,-0.1405307128876666,-0.13219096628979443,-0.17427498878014724
825,0.42268960183395343,0.4392485104269288,0.2894199052538331
826,-0.13442863458941934,-0.14084956531819592,-0.2334512957663356
827,0.1071035485267482,-0.001839711865367466,0.34917136566510654
828,0.42906050565992393,0.3072756390218203,0.17901492553122456
829,0.6652234602193012,0.3942652058338836,0.6399496947041938
830,0.325208520148365,0.21113315254462428,0.3873905021099122
831,0.0037882216853055706,0.04323631439614806,-0.027569855805139043
832,0.08153703000290191,0.06529050648036128,-0.026710614596089255
833,0.30652259420420536,0.23508319935363087,0.23370697429501108
834,-0.175003562611715,-0.13487492116416577,-0.18086963921401356
835,0.4676668591438349,0.316077972745503,0.23597898556856856
836,0.03665976072962929,0.07080190503891948,0.06708851145935002
837,0.3079245578633272,0.15181481138724084,0.1636987423398506
838,0.14978417808985856,0.10559493192793612,0.11962498347102657
839,0.05720124913545854,0.03399017709086971,-0.12216209367965436
840,0.043081832422718236,-0.03421624483457819,-0.06873194466660115
841,0.28399636580138443,0.24981811433915246,0.24283281849576288
842,0.588870074930486,0.2734044895454477,0.7773981138191963
843,0.6847036442014107,0.4640582641687052,0.6494814722790325
844,0.6965758679904863,0.49316571294747313,0.75708563808667
845,-0.11607660512080131,-0.07856814532223133,-0.12386286678129177
846,-0.006359679311065292,0.05072822937416066,-0.10374727160980945
847,0.3135490346194456,0.2017353771654038,0.2686106001354993
848,0.004140241294441793,0.08898352593895398,0.0006747203876005248
849,0.6144514128567704,0.32402686935133174,0.42901349587709836
850,0.7136859005919995,0.7146989812428179,0.7706613838554242
851,1.1520339378115865,1.090747106885677,1.212782164583376
852,-0.12984709413647832,-0.058533783197025735,-0.11739266869624365
853,0.16952229766993665,0.16048964857816084,0.4001133108811308
854,0.38281271539400064,0.3426629650426276,0.30309833097973926
855,-0.00926841666040712,0.026346776044610776,-0.07382156122630112
856,0.8496540073835166,0.9493333870650242,1.259371801123438
857,0.5063178681815004,0.3081420035193574,0.04489120406198133
858,0.18018089485569888,0.25925125412123373,0.1866194894357751
859,0.9052335841184023,0.7877250898299246,1.2320075126049939
860,0.481624844518703,0.3599832591481871,0.4263015913043591
861,0.7225623362107463,0.5721913397029805,1.1905091667613097
862,0.5152127322885969,0.6449895689777345,0.4341330404135526
863,0.2692800620987743,0.27511547128218083,0.6068414978182228
864,0.9094832359973466,0.8977342550215268,1.1509012050048617
865,0.04072234994213053,0.055502334930536135,-0.06207727793145246
866,-0.1326436600020212,-0.04277975185392302,-0.07331565471935508
867,0.18947942868378398,0.025615340146159626,-0.03826370755274111
868,0.09968228504705401,-0.02369893959775282,0.06978310709425828
869,-0.04462546097092701,-0.025587349523781278,-0.07767605039860237
870,0.18871673137596257,0.223732614847018,0.22716492643508635
871,0.3751270471191259,0.3380341377207112,0.20853773872360115
872,0.3804288776684266,0.382868125615901,0.25629842241191647
873,0.5542626780359665,0.6057861520339067,0.6931411148148827
874,0.3173839505136524,0.21090826468412738,0.1974382519010529
875,0.4036435060107144,0.3070311474390808,0.1104848912200278
876,0.5670647878130968,0.4574672502694317,0.7378081565949222
877,0.2924820687764442,0.21808516526133626,0.15499343395654552
878,0.5602368103163569,0.5249741182089547,0.6769396073004341
879,0.11839832379600845,0.07343275563436458,0.05198030396727904
880,0.16372067586590577,0.05796970986773253,0.19094819921581174
881,0.4707047884279745,0.2142081984431603,0.043245389538245194
882,0.07484159646512101,0.008210660531352776,0.1842267793918264
883,0.20595369038543643,0.20524028018119678,0.05759384295407899
884,0.18961317760361163,0.09929147638217195,-0.028241315578294457
885,0.3678704645028912,0.3532186296505395,0.2837670606653542
886,0.13792174489366205,-0.04108394188947451,0.13134593236239445
887,0.6841313276371506,0.4413015936534215,0.9429038734988304
888,0.4877669885000875,0.44245772039570386,0.787054277220882
889,-0.09940744384447142,-0.03403985039768942,-0.05656251455260475
890,0.09462075745968579,0.014399191941131928,0.03612320718583151
891,0.8157993094043343,0.9126133500533324,0.4708421976454742
892,0.0323019739131869,-0.010968770139021977,-0.2116086316393354
893,1.0249703479290835,0.7273719887983341,1.315391218991802
894,0.0056803420458506615,0.08710286742325568,0.07794245057204985
895,0.31725044724330576,0.28851413495031664,0.5482379151599355
896,0.36620269784747284,0.37214967629472695,0.26441647469991225
897,0.18964461332577853,0.07491352430733778,0.000618703847971469
898,0.21559867945139533,0.1659942053952821,-0.1356042857121007
899,-0.033874795729525675,0.12936735647048558,0.18459763857360634
900,0.191482115311308,0.10311958412920519,0.2464166112400359
901,0.5282573382100606,0.49236885852551215,0.19101038843124818
902,-0.09020367619496517,-0.08279886976318684,-0.10718334290136622
903,0.13517047858696385,0.20035876165604383,0.1079141467810052
904,-0.053401051193043614,0.02102031813670302,0.0067303279582064945
905,0.29793637676610185,0.1483341041883206,0.06551899188976029
906,0.5053617306057816,0.28296288061933716,0.2195900839982543
907,0.6820040923885979,0.2646689614083191,0.8337673655435138
908,0.029721693658902204,0.01426931526365749,0.144181949701923
909,0.05551256570354246,-0.001651726014727628,0.13379031191275437
910,0.7559244741139768,0.7010064519660739,0.7124676294487589
911,0.0320574723972904,0.04561114971448288,0.012097632592712904
912,0.22739034744664322,0.24417992183463455,-0.054073463776708075
913,0.10432950042470246,0.07492946615116791,-0.01352793074403602
914,0.23779624982801928,0.24374550936765815,0.538586767867004
915,0.5789492921161838,0.499530105261101,0.44199102432484105
916,0.2291164490668498,0.20940607215691176,0.21518533963917075
917,0.4534932505613285,0.37558685000296,0.6879653525996354
918,0.4004553722386077,0.37551915402359803,0.21095935230237362
919,-0.18354385725395517,-0.15123859682731167,-0.1697022114368043
920,0.4351821337781996,0.24214662120228891,0.24659053399898867
921,0.0069163711319466525,-0.05775592709600785,-0.07236133361376795
922,0.5634838261240795,0.6239736521771018,0.4016665583287522
923,0.4234078863400974,0.3166464684645651,0.44276083539420474
924,0.34912706492666845,0.24970871888069124,0.3841969325319696
925,0.19799500049137753,0.19442403163565003,0.19782718443856684
926,0.4675272750391928,0.6012853004496828,0.2757723728664583
927,-0.16742469081816302,-0.14398359717904785,-0.15967986592664196
928,0.40944168765286193,0.44156290758889805,0.3967733543664409
929,0.5725338572932472,0.5352848194171713,0.7791597677490909
930,0.1977896239914525,0.19961972395175076,0.16380118469967142
931,0.5050954376812093,0.6728544306210587,0.4543898757978777
932,0.05813851877126108,0.11738224202552971,0.06619084311355516
933,0.6144373504475358,0.38392233605192794,0.25689368006854507
934,0.6035965987634162,0.48027848263602935,0.8797493602703448
935,0.01268634056282214,0.034596469003234764,0.26060786256075996
936,0.40579743083024544,0.38103027801958,0.40624336742467304
937,0.8794604426848807,0.8248577009349509,0.9834058476602006
938,0.8707966886096938,0.8471215386273492,0.9772275166333597
939,-0.08691470817858726,-0.020273794265757594,0.013484400306456257
940,0.6244961644450175,0.3972789379739434,0.2896297152842029
941,0.2819133515654966,0.23605455307541323,0.46219001247576297
942,0.5582287326806963,0.3875297813774021,0.6094136009879998
943,-0.006449980245543219,-0.004965229492571721,0.029639926140107686
944,-0.17128990470905825,-0.17888014310299194,-0.20040945696741963
945,0.44640091268603554,0.43760868766463346,0.32891464818250715
946,0.11851836705784047,0.06119636629453851,-0.06903367354145318
947,0.12664201794855678,0.11990652357722209,0.02351766448252457
948,0.6434396184630431,0.5613457326687159,0.6261910477979682
949,0.6521430319906163,0.7745874208950938,0.8439625716631847
950,0.7303332474139228,0.8478164877716075,1.051967762393379
951,0.4209392969921859,0.40604274189990264,0.4472972118217813
952,-0.08930291847840754,-0.040318008941646166,-0.08881845000208144
953,0.10533985878408392,0.0506173825621925,0.16632057001759226
954,0.20392041248801274,0.23765473793698666,0.1639917472006771
955,-0.16341283426281217,-0.06691432656739693,-0.19584186490785171
956,0.33589918628039506,0.45948408717136524,0.3116218791907843
957,0.7266223299563881,0.6366144546671986,0.6958365094204599
958,0.3480184504668151,0.2858662445623228,0.38348416960149256
959,0.027407005999404488,0.01646731736878837,-0.08733042407309677
960,0.16104203074081536,0.317153733612928,0.18271705697003404
961,0.2485997418272401,0.28131691448567286,0.1356091724975328
962,0.21908290427847343,0.13473496916479655,0.2200820197942912
963,0.6349973749147544,0.3432449104758679,0.7984360179790624
964,0.41424570943467054,0.2997991934292561,0.46203242265051614
965,0.5560867306491926,0.46041244039407925,0.44842020117921577
966,0.17536816095977636,0.09205899115974137,-0.08975577228293585
967,0.5146858782562955,0.5180176401545649,0.8769523172526879
968,-0.08494389078805964,-0.06474609258777597,-0.1966410218980894
969,0.3332745629688483,0.27923506210760785,0.4357823578135358
970,0.19064284180281055,0.12515418535320388,0.260596596785736
971,0.30915209228474416,0.3854193167160431,0.243012046830257
972,0.26308653492163114,0.2689237868696528,0.33065377314308386
973,0.3345271346399248,0.3471155065313922,0.21236964847510897
974,0.0027512444623229992,0.03200645202747787,0.11256867774078883
975,0.6098122766718568,0.29556948527876115,0.7746676933985717
976,0.3948154351404116,0.48018732289934407,0.31829893416685606
977,0.3299528267255647,0.08826785296106032,-0.052989134479848654
978,0.07138678869084347,0.05844836065375136,-0.05039914409659463
979,0.7727165062216292,0.486135422361311,0.8531709209818954
980,0.6911345147209289,0.8329161002849323,0.6439244921289271
981,0.5386570520059051,0.4752706281520416,0.4972154562034641
982,0.17746782003832906,0.15088924529385594,0.432516108259712
983,0.21652071366262438,0.21730457353331034,0.09794615089845804
984,0.11604224681933473,0.0890306661205198,0.15262293630039547
985,0.28304488343174916,0.21795522913348253,0.19767596821578381
986,-0.038992213659576835,0.023978676986183167,-0.13046400271648606
987,-0.06001136012879482,-0.10923697269523325,-0.1875988802438474
988,0.08764074888770557,0.16756550258941716,0.23858825063276967
989,-0.04399158910612133,-0.05702133881617111,0.05242969304316558
990,-0.11245544299392352,-0.1366792388871455,-0.13458073751575161
991,0.8699469209737174,0.7099906458934366,1.3352334964846717
992,0.04985214347342226,0.0051325485833426665,-0.01074621359388328
993,0.17818253179045707,0.18952214608263884,0.32582260429553234
994,-0.14888065411434714,-0.10716499557363413,-0.1673696412379928
995,-0.20319538426540096,-0.1491993875173655,-0.14005668246794867
996,0.4698392923232626,0.4615792847232749,0.15337716885668873
997,0.04329998006638425,0.11206660010402314,-0.0589171067323454
998,0.7051093826267343,0.6475808722155334,0.5983130978075892
999,-0.05694356004569767,-0.05865372591950346,-0.15527474933336105
